kod,definisi,termasuk,tidak_termasuk,contoh
akses_sumber,Pengalaman mendapatkan bahan digital,"Akses jurnal, e-buku dan pangkalan data",Kemahiran membina carian,Halaman pembayaran atau akses luar kampus
halangan_teknikal,Masalah sistem atau sambungan,"Log masuk, proksi, pautan rosak",Kurang kemahiran carian,Log masuk berulang
strategi_carian,Cara mencari dan menapis maklumat,"Kata kunci, Boolean, medan dan penapis",Masalah akses sistem,Membina sinonim dan rentetan carian
sokongan_pustakawan,Bantuan langsung daripada pustakawan,"Konsultasi, chat dan klinik",Bahan belajar kendiri tanpa bantuan,Konsultasi strategi carian
literasi_maklumat,Kemahiran menilai dan menggunakan sumber,"Semakan kesahihan, DOI dan bukti",Kecekapan teknikal semata-mata,Menyemak artikel asal
latihan_pengguna,Pengalaman atau keperluan latihan,"Bengkel, video, latihan kendiri",Konsultasi individu,Siri bengkel mikro
penggunaan_ai,Penggunaan AI dalam pencarian atau penyelidikan,"Gemini, ringkasan dan cadangan istilah",Automasi bukan AI,AI sebagai titik mula
kepuasan_pengguna,Penilaian positif atau negatif,"Mudah, lambat, membantu atau mengecewakan",Cadangan tanpa penilaian,Bahan latihan sangat berguna
cadangan_penambahbaikan,Cadangan meningkatkan perkhidmatan,"Portal, latihan, bantuan dan integrasi",Penerangan masalah tanpa cadangan,Pusat bantuan bersepadu
